id,category,practice,source_page,source,source_version,source_date
SCP-IV-001,Input Validation,"Conduct all data validation on a trusted system (e.g., The server)",5,OWASP Secure Coding Practices - Quick Reference Guide,2.0.1,December 2022
SCP-IV-002,Input Validation,"Identify all data sources and classify them into trusted and untrusted. Validate all data from untrusted sources (e.g., Databases, file streams, etc.)",5,OWASP Secure Coding Practices - Quick Reference Guide,2.0.1,December 2022
SCP-IV-003,Input Validation,There should be a centralized input validation routine for the application,5,OWASP Secure Coding Practices - Quick Reference Guide,2.0.1,December 2022
SCP-IV-004,Input Validation,"Specify proper character sets, such as UTF-8, for all sources of input",5,OWASP Secure Coding Practices - Quick Reference Guide,2.0.1,December 2022
SCP-IV-005,Input Validation,Encode data to a common character set before validating (Canonicalize),5,OWASP Secure Coding Practices - Quick Reference Guide,2.0.1,December 2022
SCP-IV-006,Input Validation,All validation failures should result in input rejection,5,OWASP Secure Coding Practices - Quick Reference Guide,2.0.1,December 2022
SCP-IV-007,Input Validation,"Determine if the system supports UTF-8 extended character sets and if so, validate after UTF-8 decoding is completed",5,OWASP Secure Coding Practices - Quick Reference Guide,2.0.1,December 2022
SCP-IV-008,Input Validation,"Validate all client provided data before processing, including all parameters, URLs and HTTP header content (e.g. Cookie names and values). Be sure to include automated post backs from JavaScript, Flash or other embedded code",5,OWASP Secure Coding Practices - Quick Reference Guide,2.0.1,December 2022
SCP-IV-009,Input Validation,Verify that header values in both requests and responses contain only ASCII characters,5,OWASP Secure Coding Practices - Quick Reference Guide,2.0.1,December 2022
SCP-IV-010,Input Validation,"Validate data from redirects (An attacker may submit malicious content directly to the target of the redirect, thus circumventing application logic and any validation performed before the redirect)",5,OWASP Secure Coding Practices - Quick Reference Guide,2.0.1,December 2022
SCP-IV-011,Input Validation,Validate for expected data types,5,OWASP Secure Coding Practices - Quick Reference Guide,2.0.1,December 2022
SCP-IV-012,Input Validation,Validate data range,5,OWASP Secure Coding Practices - Quick Reference Guide,2.0.1,December 2022
SCP-IV-013,Input Validation,Validate data length,5,OWASP Secure Coding Practices - Quick Reference Guide,2.0.1,December 2022
SCP-IV-014,Input Validation,"Validate all input against a ""white"" list of allowed characters, whenever possible",5,OWASP Secure Coding Practices - Quick Reference Guide,2.0.1,December 2022
SCP-IV-015,Input Validation,"If any potentially hazardous characters must be allowed as input, be sure that you implement additional controls like output encoding, secure task specific APIs and accounting for the utilization of that data throughout the application . Examples of common hazardous characters include: < > "" ' % ( ) & + \ \' \""",5,OWASP Secure Coding Practices - Quick Reference Guide,2.0.1,December 2022
SCP-IV-016,Input Validation,"If your standard validation routine cannot address the following inputs, then they should be checked discretely – Check for null bytes (%00) – Check for new line characters (%0d, %0a, \r, \n) – Check for “dot-dot-slash"" (../ or ..\) path alterations characters. In cases where UTF-8 extended character set encoding is supported, address alternate representation like: %c0%ae%c0%ae/ (Utilize canonicalization to address double encoding or other forms of obfuscation attacks)",5,OWASP Secure Coding Practices - Quick Reference Guide,2.0.1,December 2022
SCP-OE-001,Output Encoding,"Conduct all encoding on a trusted system (e.g., The server)",5,OWASP Secure Coding Practices - Quick Reference Guide,2.0.1,December 2022
SCP-OE-002,Output Encoding,"Utilize a standard, tested routine for each type of outbound encoding",5,OWASP Secure Coding Practices - Quick Reference Guide,2.0.1,December 2022
SCP-OE-003,Output Encoding,"Contextually output encode all data returned to the client that originated outside the application's trust boundary. HTML entity encoding is one example, but does not work in all cases",5,OWASP Secure Coding Practices - Quick Reference Guide,2.0.1,December 2022
SCP-OE-004,Output Encoding,Encode all characters unless they are known to be safe for the intended interpreter,5,OWASP Secure Coding Practices - Quick Reference Guide,2.0.1,December 2022
SCP-OE-005,Output Encoding,"Contextually sanitize all output of un-trusted data to queries for SQL, XML, and LDAP",5,OWASP Secure Coding Practices - Quick Reference Guide,2.0.1,December 2022
SCP-OE-006,Output Encoding,Sanitize all output of un-trusted data to operating system commands,5,OWASP Secure Coding Practices - Quick Reference Guide,2.0.1,December 2022
SCP-AP-001,Authentication and Password Management,"Require authentication for all pages and resources, except those specifically intended to be public",6,OWASP Secure Coding Practices - Quick Reference Guide,2.0.1,December 2022
SCP-AP-002,Authentication and Password Management,"All authentication controls must be enforced on a trusted system (e.g., The server)",6,OWASP Secure Coding Practices - Quick Reference Guide,2.0.1,December 2022
SCP-AP-003,Authentication and Password Management,"Establish and utilize standard, tested, authentication services whenever possible",6,OWASP Secure Coding Practices - Quick Reference Guide,2.0.1,December 2022
SCP-AP-004,Authentication and Password Management,"Use a centralized implementation for all authentication controls, including libraries that call external authentication services",6,OWASP Secure Coding Practices - Quick Reference Guide,2.0.1,December 2022
SCP-AP-005,Authentication and Password Management,Segregate authentication logic from the resource being requested and use redirection to and from the centralized authentication control,6,OWASP Secure Coding Practices - Quick Reference Guide,2.0.1,December 2022
SCP-AP-006,Authentication and Password Management,All authentication controls should fail securely,6,OWASP Secure Coding Practices - Quick Reference Guide,2.0.1,December 2022
SCP-AP-007,Authentication and Password Management,All administrative and account management functions must be at least as secure as the primary authentication mechanism,6,OWASP Secure Coding Practices - Quick Reference Guide,2.0.1,December 2022
SCP-AP-008,Authentication and Password Management,"If your application manages a credential store, it should ensure that only cryptographically strong one-way salted hashes of passwords are stored and that the table/file that stores the passwords and keys is write-able only by the application. (Do not use the MD5 algorithm if it can be avoided)",6,OWASP Secure Coding Practices - Quick Reference Guide,2.0.1,December 2022
SCP-AP-009,Authentication and Password Management,"Password hashing must be implemented on a trusted system (e.g., The server).",6,OWASP Secure Coding Practices - Quick Reference Guide,2.0.1,December 2022
SCP-AP-010,Authentication and Password Management,"Validate the authentication data only on completion of all data input, especially for sequential authentication implementations",6,OWASP Secure Coding Practices - Quick Reference Guide,2.0.1,December 2022
SCP-AP-011,Authentication and Password Management,"Authentication failure responses should not indicate which part of the authentication data was incorrect. For example, instead of ""Invalid username"" or ""Invalid password"", just use ""Invalid username and/or password"" for both. Error responses must be truly identical in both display and source code",6,OWASP Secure Coding Practices - Quick Reference Guide,2.0.1,December 2022
SCP-AP-012,Authentication and Password Management,Utilize authentication for connections to external systems that involve sensitive information or functions,6,OWASP Secure Coding Practices - Quick Reference Guide,2.0.1,December 2022
SCP-AP-013,Authentication and Password Management,"Authentication credentials for accessing services external to the application should be encrypted and stored in a protected location on a trusted system (e.g., The server). The source code is NOT a secure location",6,OWASP Secure Coding Practices - Quick Reference Guide,2.0.1,December 2022
SCP-AP-014,Authentication and Password Management,Use only HTTP POST requests to transmit authentication credentials,6,OWASP Secure Coding Practices - Quick Reference Guide,2.0.1,December 2022
SCP-AP-015,Authentication and Password Management,"Only send non-temporary passwords over an encrypted connection or as encrypted data, such as in an encrypted email. Temporary passwords associated with email resets may be an exception",6,OWASP Secure Coding Practices - Quick Reference Guide,2.0.1,December 2022
SCP-AP-016,Authentication and Password Management,"Enforce password complexity requirements established by policy or regulation. Authentication credentials should be sufficient to withstand attacks that are typical of the threats in the deployed environment. (e.g., requiring the use of alphabetic as well as numeric and/or special characters)",6,OWASP Secure Coding Practices - Quick Reference Guide,2.0.1,December 2022
SCP-AP-017,Authentication and Password Management,"Enforce password length requirements established by policy or regulation. Eight characters is commonly used, but 16 is better or consider the use of multi-word pass phrases",6,OWASP Secure Coding Practices - Quick Reference Guide,2.0.1,December 2022
SCP-AP-018,Authentication and Password Management,"Password entry should be obscured on the user's screen. (e.g., on web forms use the input type ""password"")",6,OWASP Secure Coding Practices - Quick Reference Guide,2.0.1,December 2022
SCP-AP-019,Authentication and Password Management,"Enforce account disabling after an established number of invalid login attempts (e.g., five attempts is common). The account must be disabled for a period of time sufficient to discourage brute force guessing of credentials, but not so long as to allow for a denial-of-service attack to be performed",6,OWASP Secure Coding Practices - Quick Reference Guide,2.0.1,December 2022
SCP-AP-020,Authentication and Password Management,Password reset and changing operations require the same level of controls as account creation and authentication.,6,OWASP Secure Coding Practices - Quick Reference Guide,2.0.1,December 2022
SCP-AP-021,Authentication and Password Management,"Password reset questions should support sufficiently random answers. (e.g., ""favorite book"" is a bad question because “The Bible” is a very common answer)",6,OWASP Secure Coding Practices - Quick Reference Guide,2.0.1,December 2022
SCP-AP-022,Authentication and Password Management,"If using email based resets, only send email to a pre-registered address with a temporary link/password",6,OWASP Secure Coding Practices - Quick Reference Guide,2.0.1,December 2022
SCP-AP-023,Authentication and Password Management,Temporary passwords and links should have a short expiration time,6,OWASP Secure Coding Practices - Quick Reference Guide,2.0.1,December 2022
SCP-AP-024,Authentication and Password Management,Enforce the changing of temporary passwords on the next use,7,OWASP Secure Coding Practices - Quick Reference Guide,2.0.1,December 2022
SCP-AP-025,Authentication and Password Management,Notify users when a password reset occurs,7,OWASP Secure Coding Practices - Quick Reference Guide,2.0.1,December 2022
SCP-AP-026,Authentication and Password Management,Prevent password re-use,7,OWASP Secure Coding Practices - Quick Reference Guide,2.0.1,December 2022
SCP-AP-027,Authentication and Password Management,"Passwords should be at least one day old before they can be changed, to prevent attacks on password re-use",7,OWASP Secure Coding Practices - Quick Reference Guide,2.0.1,December 2022
SCP-AP-028,Authentication and Password Management,Enforce password changes based on requirements established in policy or regulation. Critical systems may require more frequent changes. The time between resets must be administratively controlled,7,OWASP Secure Coding Practices - Quick Reference Guide,2.0.1,December 2022
SCP-AP-029,Authentication and Password Management,"Disable ""remember me"" functionality for password fields",7,OWASP Secure Coding Practices - Quick Reference Guide,2.0.1,December 2022
SCP-AP-030,Authentication and Password Management,The last use (successful or unsuccessful) of a user account should be reported to the user at their next successful login,7,OWASP Secure Coding Practices - Quick Reference Guide,2.0.1,December 2022
SCP-AP-031,Authentication and Password Management,"Implement monitoring to identify attacks against multiple user accounts, utilizing the same password. This attack pattern is used to bypass standard lockouts, when user IDs can be harvested or guessed",7,OWASP Secure Coding Practices - Quick Reference Guide,2.0.1,December 2022
SCP-AP-032,Authentication and Password Management,Change all vendor-supplied default passwords and user IDs or disable the associated accounts,7,OWASP Secure Coding Practices - Quick Reference Guide,2.0.1,December 2022
SCP-AP-033,Authentication and Password Management,Re-authenticate users prior to performing critical operations,7,OWASP Secure Coding Practices - Quick Reference Guide,2.0.1,December 2022
SCP-AP-034,Authentication and Password Management,Use Multi-Factor Authentication for highly sensitive or high value transactional accounts,7,OWASP Secure Coding Practices - Quick Reference Guide,2.0.1,December 2022
SCP-AP-035,Authentication and Password Management,"If using third party code for authentication, inspect the code carefully to ensure it is not affected by any malicious code",7,OWASP Secure Coding Practices - Quick Reference Guide,2.0.1,December 2022
SCP-SM-001,Session Management,Use the server or framework’s session management controls. The application should only recognize these session identifiers as valid,7,OWASP Secure Coding Practices - Quick Reference Guide,2.0.1,December 2022
SCP-SM-002,Session Management,"Session identifier creation must always be done on a trusted system (e.g., The server)",7,OWASP Secure Coding Practices - Quick Reference Guide,2.0.1,December 2022
SCP-SM-003,Session Management,Session management controls should use well vetted algorithms that ensure sufficiently random session identifiers,7,OWASP Secure Coding Practices - Quick Reference Guide,2.0.1,December 2022
SCP-SM-004,Session Management,Set the domain and path for cookies containing authenticated session identifiers to an appropriately restricted value for the site,7,OWASP Secure Coding Practices - Quick Reference Guide,2.0.1,December 2022
SCP-SM-005,Session Management,Logout functionality should fully terminate the associated session or connection,7,OWASP Secure Coding Practices - Quick Reference Guide,2.0.1,December 2022
SCP-SM-006,Session Management,Logout functionality should be available from all pages protected by authorization,7,OWASP Secure Coding Practices - Quick Reference Guide,2.0.1,December 2022
SCP-SM-007,Session Management,"Establish a session inactivity timeout that is as short as possible, based on balancing risk and business functional requirements. In most cases it should be no more than several hours",7,OWASP Secure Coding Practices - Quick Reference Guide,2.0.1,December 2022
SCP-SM-008,Session Management,"Disallow persistent logins and enforce periodic session terminations, even when the session is active. Especially for applications supporting rich network connections or connecting to critical systems. Termination times should support business requirements and the user should receive sufficient notification to mitigate negative impacts",7,OWASP Secure Coding Practices - Quick Reference Guide,2.0.1,December 2022
SCP-SM-009,Session Management,"If a session was established before login, close that session and establish a new session after a successful login",7,OWASP Secure Coding Practices - Quick Reference Guide,2.0.1,December 2022
SCP-SM-010,Session Management,Generate a new session identifier on any re-authentication,7,OWASP Secure Coding Practices - Quick Reference Guide,2.0.1,December 2022
SCP-SM-011,Session Management,Do not allow concurrent logins with the same user ID,7,OWASP Secure Coding Practices - Quick Reference Guide,2.0.1,December 2022
SCP-SM-012,Session Management,"Do not expose session identifiers in URLs, error messages or logs. Session identifiers should only be located in the HTTP cookie header. For example, do not pass session identifiers as GET parameters",7,OWASP Secure Coding Practices - Quick Reference Guide,2.0.1,December 2022
SCP-SM-013,Session Management,"Protect server side session data from unauthorized access, by other users of the server, by implementing appropriate access controls on the server",7,OWASP Secure Coding Practices - Quick Reference Guide,2.0.1,December 2022
SCP-SM-014,Session Management,Generate a new session identifier and deactivate the old one periodically. (This can mitigate certain session hijacking scenarios where the original identifier was compromised),7,OWASP Secure Coding Practices - Quick Reference Guide,2.0.1,December 2022
SCP-SM-015,Session Management,"Generate a new session identifier if the connection security changes from HTTP to HTTPS, as can occur during authentication. Within an application, it is recommended to consistently utilize HTTPS rather than switching between HTTP to HTTPS.",8,OWASP Secure Coding Practices - Quick Reference Guide,2.0.1,December 2022
SCP-SM-016,Session Management,"Supplement standard session management for sensitive server-side operations, like account manage- ment, by utilizing per-session strong random tokens or parameters. This method can be used to prevent Cross Site Request Forgery attacks",8,OWASP Secure Coding Practices - Quick Reference Guide,2.0.1,December 2022
SCP-SM-017,Session Management,"Supplement standard session management for highly sensitive or critical operations by utilizing per-request, as opposed to per-session, strong random tokens or parameters",8,OWASP Secure Coding Practices - Quick Reference Guide,2.0.1,December 2022
SCP-SM-018,Session Management,"Set the ""secure"" attribute for cookies transmitted over an TLS connection",8,OWASP Secure Coding Practices - Quick Reference Guide,2.0.1,December 2022
SCP-SM-019,Session Management,"Set cookies with the HttpOnly attribute, unless you specifically require client-side scripts within your application to read or set a cookie's value",8,OWASP Secure Coding Practices - Quick Reference Guide,2.0.1,December 2022
SCP-AC-001,Access Control,"Use only trusted system objects, e.g. server side session objects, for making access authorization decisions",8,OWASP Secure Coding Practices - Quick Reference Guide,2.0.1,December 2022
SCP-AC-002,Access Control,Use a single site-wide component to check access authorization. This includes libraries that call external authorization services,8,OWASP Secure Coding Practices - Quick Reference Guide,2.0.1,December 2022
SCP-AC-003,Access Control,Access controls should fail securely,8,OWASP Secure Coding Practices - Quick Reference Guide,2.0.1,December 2022
SCP-AC-004,Access Control,Deny all access if the application cannot access its security configuration information,8,OWASP Secure Coding Practices - Quick Reference Guide,2.0.1,December 2022
SCP-AC-005,Access Control,"Enforce authorization controls on every request, including those made by server side scripts, ""includes"" and requests from rich client-side technologies like AJAX and Flash",8,OWASP Secure Coding Practices - Quick Reference Guide,2.0.1,December 2022
SCP-AC-006,Access Control,Segregate privileged logic from other application code,8,OWASP Secure Coding Practices - Quick Reference Guide,2.0.1,December 2022
SCP-AC-007,Access Control,"Restrict access to files or other resources, including those outside the application's direct control, to only authorized users",8,OWASP Secure Coding Practices - Quick Reference Guide,2.0.1,December 2022
SCP-AC-008,Access Control,Restrict access to protected URLs to only authorized users,8,OWASP Secure Coding Practices - Quick Reference Guide,2.0.1,December 2022
SCP-AC-009,Access Control,Restrict access to protected functions to only authorized users,8,OWASP Secure Coding Practices - Quick Reference Guide,2.0.1,December 2022
SCP-AC-010,Access Control,Restrict direct object references to only authorized users,8,OWASP Secure Coding Practices - Quick Reference Guide,2.0.1,December 2022
SCP-AC-011,Access Control,Restrict access to services to only authorized users,8,OWASP Secure Coding Practices - Quick Reference Guide,2.0.1,December 2022
SCP-AC-012,Access Control,Restrict access to application data to only authorized users,8,OWASP Secure Coding Practices - Quick Reference Guide,2.0.1,December 2022
SCP-AC-013,Access Control,Restrict access to user and data attributes and policy information used by access controls,8,OWASP Secure Coding Practices - Quick Reference Guide,2.0.1,December 2022
SCP-AC-014,Access Control,Restrict access security-relevant configuration information to only authorized users,8,OWASP Secure Coding Practices - Quick Reference Guide,2.0.1,December 2022
SCP-AC-015,Access Control,Server side implementation and presentation layer representations of access control rules must match,8,OWASP Secure Coding Practices - Quick Reference Guide,2.0.1,December 2022
SCP-AC-016,Access Control,"If state data must be stored on the client, use encryption and integrity checking on the server side to catch state tampering.",8,OWASP Secure Coding Practices - Quick Reference Guide,2.0.1,December 2022
SCP-AC-017,Access Control,Enforce application logic flows to comply with business rules,8,OWASP Secure Coding Practices - Quick Reference Guide,2.0.1,December 2022
SCP-AC-018,Access Control,"Limit the number of transactions a single user or device can perform in a given period of time. The transactions/time should be above the actual business requirement, but low enough to deter automated attacks",8,OWASP Secure Coding Practices - Quick Reference Guide,2.0.1,December 2022
SCP-AC-019,Access Control,"Use the ""referer"" header as a supplemental check only, it should never be the sole authorization check, as it is can be spoofed",8,OWASP Secure Coding Practices - Quick Reference Guide,2.0.1,December 2022
SCP-AC-020,Access Control,"If long authenticated sessions are allowed, periodically re-validate a user’s authorization to ensure that their privileges have not changed and if they have, log the user out and force them to re-authenticate",8,OWASP Secure Coding Practices - Quick Reference Guide,2.0.1,December 2022
SCP-AC-021,Access Control,"Implement account auditing and enforce the disabling of unused accounts (e.g., After no more than 30 days from the expiration of an account’s password.)",8,OWASP Secure Coding Practices - Quick Reference Guide,2.0.1,December 2022
SCP-AC-022,Access Control,"The application must support disabling of accounts and terminating sessions when authorization ceases (e.g., Changes to role, employment status, business process, etc.)",9,OWASP Secure Coding Practices - Quick Reference Guide,2.0.1,December 2022
SCP-AC-023,Access Control,Service accounts or accounts supporting connections to or from external systems should have the least privilege possible,9,OWASP Secure Coding Practices - Quick Reference Guide,2.0.1,December 2022
SCP-AC-024,Access Control,"Create an Access Control Policy to document an application's business rules, data types and access authorization criteria and/or processes so that access can be properly provisioned and controlled. This includes identifying access requirements for both the data and system resources",9,OWASP Secure Coding Practices - Quick Reference Guide,2.0.1,December 2022
SCP-CP-001,Cryptographic Practices,"All cryptographic functions used to protect secrets from the application user must be implemented on a trusted system (e.g., The server)",9,OWASP Secure Coding Practices - Quick Reference Guide,2.0.1,December 2022
SCP-CP-002,Cryptographic Practices,Protect master secrets from unauthorized access,9,OWASP Secure Coding Practices - Quick Reference Guide,2.0.1,December 2022
SCP-CP-003,Cryptographic Practices,Cryptographic modules should fail securely,9,OWASP Secure Coding Practices - Quick Reference Guide,2.0.1,December 2022
SCP-CP-004,Cryptographic Practices,"All random numbers, random file names, random GUIDs, and random strings should be generated using the cryptographic module’s approved random number generator when these random values are intended to be un-guessable",9,OWASP Secure Coding Practices - Quick Reference Guide,2.0.1,December 2022
SCP-CP-005,Cryptographic Practices,Cryptographic modules used by the application should be compliant to FIPS 140-2 or an equivalent standard. (See http://csrc.nist.gov/groups/STM/cmvp/validation.html),9,OWASP Secure Coding Practices - Quick Reference Guide,2.0.1,December 2022
SCP-CP-006,Cryptographic Practices,Establish and utilize a policy and process for how cryptographic keys will be managed,9,OWASP Secure Coding Practices - Quick Reference Guide,2.0.1,December 2022
SCP-EL-001,Error Handling and Logging,"Do not disclose sensitive information in error responses, including system details, session identifiers or account information",9,OWASP Secure Coding Practices - Quick Reference Guide,2.0.1,December 2022
SCP-EL-002,Error Handling and Logging,Use error handlers that do not display debugging or stack trace information,9,OWASP Secure Coding Practices - Quick Reference Guide,2.0.1,December 2022
SCP-EL-003,Error Handling and Logging,Implement generic error messages and use custom error pages,9,OWASP Secure Coding Practices - Quick Reference Guide,2.0.1,December 2022
SCP-EL-004,Error Handling and Logging,The application should handle application errors and not rely on the server configuration,9,OWASP Secure Coding Practices - Quick Reference Guide,2.0.1,December 2022
SCP-EL-005,Error Handling and Logging,Properly free allocated memory when error conditions occur,9,OWASP Secure Coding Practices - Quick Reference Guide,2.0.1,December 2022
SCP-EL-006,Error Handling and Logging,Error handling logic associated with security controls should deny access by default,9,OWASP Secure Coding Practices - Quick Reference Guide,2.0.1,December 2022
SCP-EL-007,Error Handling and Logging,"All logging controls should be implemented on a trusted system (e.g., The server)",9,OWASP Secure Coding Practices - Quick Reference Guide,2.0.1,December 2022
SCP-EL-008,Error Handling and Logging,Logging controls should support both success and failure of specified security events,9,OWASP Secure Coding Practices - Quick Reference Guide,2.0.1,December 2022
SCP-EL-009,Error Handling and Logging,Ensure logs contain important log event data,9,OWASP Secure Coding Practices - Quick Reference Guide,2.0.1,December 2022
SCP-EL-010,Error Handling and Logging,Ensure log entries that include un-trusted data will not execute as code in the intended log viewing interface or software,9,OWASP Secure Coding Practices - Quick Reference Guide,2.0.1,December 2022
SCP-EL-011,Error Handling and Logging,Restrict access to logs to only authorized individuals,9,OWASP Secure Coding Practices - Quick Reference Guide,2.0.1,December 2022
SCP-EL-012,Error Handling and Logging,Utilize a master routine for all logging operations,9,OWASP Secure Coding Practices - Quick Reference Guide,2.0.1,December 2022
SCP-EL-013,Error Handling and Logging,"Do not store sensitive information in logs, including unnecessary system details, session identifiers or passwords",9,OWASP Secure Coding Practices - Quick Reference Guide,2.0.1,December 2022
SCP-EL-014,Error Handling and Logging,Ensure that a mechanism exists to conduct log analysis,9,OWASP Secure Coding Practices - Quick Reference Guide,2.0.1,December 2022
SCP-EL-015,Error Handling and Logging,Log all input validation failures,9,OWASP Secure Coding Practices - Quick Reference Guide,2.0.1,December 2022
SCP-EL-016,Error Handling and Logging,"Log all authentication attempts, especially failures",9,OWASP Secure Coding Practices - Quick Reference Guide,2.0.1,December 2022
SCP-EL-017,Error Handling and Logging,Log all access control failures,9,OWASP Secure Coding Practices - Quick Reference Guide,2.0.1,December 2022
SCP-EL-018,Error Handling and Logging,"Log all apparent tampering events, including unexpected changes to state data",9,OWASP Secure Coding Practices - Quick Reference Guide,2.0.1,December 2022
SCP-EL-019,Error Handling and Logging,Log attempts to connect with invalid or expired session tokens,10,OWASP Secure Coding Practices - Quick Reference Guide,2.0.1,December 2022
SCP-EL-020,Error Handling and Logging,Log all system exceptions,10,OWASP Secure Coding Practices - Quick Reference Guide,2.0.1,December 2022
SCP-EL-021,Error Handling and Logging,"Log all administrative functions, including changes to the security configuration settings",10,OWASP Secure Coding Practices - Quick Reference Guide,2.0.1,December 2022
SCP-EL-022,Error Handling and Logging,Log all backend TLS connection failures,10,OWASP Secure Coding Practices - Quick Reference Guide,2.0.1,December 2022
SCP-EL-023,Error Handling and Logging,Log cryptographic module failures,10,OWASP Secure Coding Practices - Quick Reference Guide,2.0.1,December 2022
SCP-EL-024,Error Handling and Logging,Use a cryptographic hash function to validate log entry integrity,10,OWASP Secure Coding Practices - Quick Reference Guide,2.0.1,December 2022
SCP-DP-001,Data Protection,"Implement least privilege, restrict users to only the functionality, data and system information that is required to perform their tasks",10,OWASP Secure Coding Practices - Quick Reference Guide,2.0.1,December 2022
SCP-DP-002,Data Protection,Protect all cached or temporary copies of sensitive data stored on the server from unauthorized access and purge those temporary working files a soon as they are no longer required.,10,OWASP Secure Coding Practices - Quick Reference Guide,2.0.1,December 2022
SCP-DP-003,Data Protection,"Encrypt highly sensitive stored information, like authentication verification data, even on the server side. Always use well vetted algorithms, see ""Cryptographic Practices"" for additional guidance",10,OWASP Secure Coding Practices - Quick Reference Guide,2.0.1,December 2022
SCP-DP-004,Data Protection,Protect server-side source-code from being downloaded by a user,10,OWASP Secure Coding Practices - Quick Reference Guide,2.0.1,December 2022
SCP-DP-005,Data Protection,"Do not store passwords, connection strings or other sensitive information in clear text or in any non-cryptographically secure manner on the client side. This includes embedding in insecure formats like: MS viewstate, Adobe flash or compiled code",10,OWASP Secure Coding Practices - Quick Reference Guide,2.0.1,December 2022
SCP-DP-006,Data Protection,Remove comments in user accessible production code that may reveal backend system or other sensitive information,10,OWASP Secure Coding Practices - Quick Reference Guide,2.0.1,December 2022
SCP-DP-007,Data Protection,Remove unnecessary application and system documentation as this can reveal useful information to attackers,10,OWASP Secure Coding Practices - Quick Reference Guide,2.0.1,December 2022
SCP-DP-008,Data Protection,Do not include sensitive information in HTTP GET request parameters,10,OWASP Secure Coding Practices - Quick Reference Guide,2.0.1,December 2022
SCP-DP-009,Data Protection,"Disable auto complete features on forms expected to contain sensitive information, including authen- tication",10,OWASP Secure Coding Practices - Quick Reference Guide,2.0.1,December 2022
SCP-DP-010,Data Protection,"Disable client side caching on pages containing sensitive information. Cache-Control: no-store, may be used in conjunction with the HTTP header control ""Pragma: no-cache"", which is less effective, but is HTTP/1.0 backward compatible",10,OWASP Secure Coding Practices - Quick Reference Guide,2.0.1,December 2022
SCP-DP-011,Data Protection,The application should support the removal of sensitive data when that data is no longer required. (e.g. personal information or certain financial data),10,OWASP Secure Coding Practices - Quick Reference Guide,2.0.1,December 2022
SCP-DP-012,Data Protection,"Implement appropriate access controls for sensitive data stored on the server. This includes cached data, temporary files and data that should be accessible only by specific system users",10,OWASP Secure Coding Practices - Quick Reference Guide,2.0.1,December 2022
SCP-CS-001,Communication Security,Implement encryption for the transmission of all sensitive information. This should include TLS for protecting the connection and may be supplemented by discrete encryption of sensitive files or non-HTTP based connections,10,OWASP Secure Coding Practices - Quick Reference Guide,2.0.1,December 2022
SCP-CS-002,Communication Security,"TLS certificates should be valid and have the correct domain name, not be expired, and be installed with intermediate certificates when required",10,OWASP Secure Coding Practices - Quick Reference Guide,2.0.1,December 2022
SCP-CS-003,Communication Security,Failed TLS connections should not fall back to an insecure connection,10,OWASP Secure Coding Practices - Quick Reference Guide,2.0.1,December 2022
SCP-CS-004,Communication Security,Utilize TLS connections for all content requiring authenticated access and for all other sensitive information,10,OWASP Secure Coding Practices - Quick Reference Guide,2.0.1,December 2022
SCP-CS-005,Communication Security,Utilize TLS for connections to external systems that involve sensitive information or functions,10,OWASP Secure Coding Practices - Quick Reference Guide,2.0.1,December 2022
SCP-CS-006,Communication Security,Utilize a single standard TLS implementation that is configured appropriately,10,OWASP Secure Coding Practices - Quick Reference Guide,2.0.1,December 2022
SCP-CS-007,Communication Security,Specify character encodings for all connections,11,OWASP Secure Coding Practices - Quick Reference Guide,2.0.1,December 2022
SCP-CS-008,Communication Security,"Filter parameters containing sensitive information from the HTTP referer, when linking to external sites",11,OWASP Secure Coding Practices - Quick Reference Guide,2.0.1,December 2022
SCP-SC-001,System Configuration,"Ensure servers, frameworks and system components are running the latest approved version",11,OWASP Secure Coding Practices - Quick Reference Guide,2.0.1,December 2022
SCP-SC-002,System Configuration,"Ensure servers, frameworks and system components have all patches issued for the version in use",11,OWASP Secure Coding Practices - Quick Reference Guide,2.0.1,December 2022
SCP-SC-003,System Configuration,Turn off directory listings,11,OWASP Secure Coding Practices - Quick Reference Guide,2.0.1,December 2022
SCP-SC-004,System Configuration,"Restrict the web server, process and service accounts to the least privileges possible",11,OWASP Secure Coding Practices - Quick Reference Guide,2.0.1,December 2022
SCP-SC-005,System Configuration,"When exceptions occur, fail securely",11,OWASP Secure Coding Practices - Quick Reference Guide,2.0.1,December 2022
SCP-SC-006,System Configuration,Remove all unnecessary functionality and files,11,OWASP Secure Coding Practices - Quick Reference Guide,2.0.1,December 2022
SCP-SC-007,System Configuration,"Remove test code or any functionality not intended for production, prior to deployment",11,OWASP Secure Coding Practices - Quick Reference Guide,2.0.1,December 2022
SCP-SC-008,System Configuration,"Prevent disclosure of your directory structure in the robots.txt file by placing directories not intended for public indexing into an isolated parent directory. Then ""Disallow"" that entire parent directory in the robots.txt file rather than Disallowing each individual directory",11,OWASP Secure Coding Practices - Quick Reference Guide,2.0.1,December 2022
SCP-SC-009,System Configuration,"Define which HTTP methods, Get or Post, the application will support and whether it will be handled differently in different pages in the application",11,OWASP Secure Coding Practices - Quick Reference Guide,2.0.1,December 2022
SCP-SC-010,System Configuration,"Disable unnecessary HTTP methods, such as WebDAV extensions. If an extended HTTP method that supports file handling is required, utilize a well-vetted authentication mechanism",11,OWASP Secure Coding Practices - Quick Reference Guide,2.0.1,December 2022
SCP-SC-011,System Configuration,"If the web server handles both HTTP 1.0 and 1.1, ensure that both are configured in a similar manor or insure that you understand any difference that may exist (e.g. handling of extended HTTP methods)",11,OWASP Secure Coding Practices - Quick Reference Guide,2.0.1,December 2022
SCP-SC-012,System Configuration,"Remove unnecessary information from HTTP response headers related to the OS, web-server version and application frameworks",11,OWASP Secure Coding Practices - Quick Reference Guide,2.0.1,December 2022
SCP-SC-013,System Configuration,The security configuration store for the application should be able to be output in human readable form to support auditing,11,OWASP Secure Coding Practices - Quick Reference Guide,2.0.1,December 2022
SCP-SC-014,System Configuration,Implement an asset management system and register system components and software in it,11,OWASP Secure Coding Practices - Quick Reference Guide,2.0.1,December 2022
SCP-SC-015,System Configuration,Isolate development environments from the production network and provide access only to authorized development and test groups. Development environments are often configured less securely than production environments and attackers may use this difference to discover shared weaknesses or as an avenue for exploitation,11,OWASP Secure Coding Practices - Quick Reference Guide,2.0.1,December 2022
SCP-SC-016,System Configuration,Implement a software change control system to manage and record changes to the code both in development and production,11,OWASP Secure Coding Practices - Quick Reference Guide,2.0.1,December 2022
SCP-DB-001,Database Security,Use strongly typed parameterized queries,11,OWASP Secure Coding Practices - Quick Reference Guide,2.0.1,December 2022
SCP-DB-002,Database Security,"Utilize input validation and output encoding and be sure to address meta characters. If these fail, do not run the database command",11,OWASP Secure Coding Practices - Quick Reference Guide,2.0.1,December 2022
SCP-DB-003,Database Security,Ensure that variables are strongly typed,11,OWASP Secure Coding Practices - Quick Reference Guide,2.0.1,December 2022
SCP-DB-004,Database Security,The application should use the lowest possible level of privilege when accessing the database,11,OWASP Secure Coding Practices - Quick Reference Guide,2.0.1,December 2022
SCP-DB-005,Database Security,Use secure credentials for database access,11,OWASP Secure Coding Practices - Quick Reference Guide,2.0.1,December 2022
SCP-DB-006,Database Security,Connection strings should not be hard coded within the application. Connection strings should be stored in a separate configuration file on a trusted system and they should be encrypted.,11,OWASP Secure Coding Practices - Quick Reference Guide,2.0.1,December 2022
SCP-DB-007,Database Security,Use stored procedures to abstract data access and allow for the removal of permissions to the base tables in the database,12,OWASP Secure Coding Practices - Quick Reference Guide,2.0.1,December 2022
SCP-DB-008,Database Security,Close the connection as soon as possible,12,OWASP Secure Coding Practices - Quick Reference Guide,2.0.1,December 2022
SCP-DB-009,Database Security,Remove or change all default database administrative passwords. Utilize strong passwords/phrases or implement multi-factor authentication,12,OWASP Secure Coding Practices - Quick Reference Guide,2.0.1,December 2022
SCP-DB-010,Database Security,"Turn off all unnecessary database functionality (e.g., unnecessary stored procedures or services, utility packages, install only the minimum set of features and options required (surface area reduction))",12,OWASP Secure Coding Practices - Quick Reference Guide,2.0.1,December 2022
SCP-DB-011,Database Security,"Remove unnecessary default vendor content (e.g., sample schemas)",12,OWASP Secure Coding Practices - Quick Reference Guide,2.0.1,December 2022
SCP-DB-012,Database Security,Disable any default accounts that are not required to support business requirements,12,OWASP Secure Coding Practices - Quick Reference Guide,2.0.1,December 2022
SCP-DB-013,Database Security,"The application should connect to the database with different credentials for every trust distinction (e.g., user, read-only user, guest, administrators)",12,OWASP Secure Coding Practices - Quick Reference Guide,2.0.1,December 2022
SCP-FM-001,File Management,Do not pass user supplied data directly to any dynamic include function,12,OWASP Secure Coding Practices - Quick Reference Guide,2.0.1,December 2022
SCP-FM-002,File Management,Require authentication before allowing a file to be uploaded,12,OWASP Secure Coding Practices - Quick Reference Guide,2.0.1,December 2022
SCP-FM-003,File Management,Limit the type of files that can be uploaded to only those types that are needed for business purposes,12,OWASP Secure Coding Practices - Quick Reference Guide,2.0.1,December 2022
SCP-FM-004,File Management,Validate uploaded files are the expected type by checking file headers. Checking for file type by extension alone is not sufficient,12,OWASP Secure Coding Practices - Quick Reference Guide,2.0.1,December 2022
SCP-FM-005,File Management,Do not save files in the same web context as the application. Files should either go to the content server or in the database.,12,OWASP Secure Coding Practices - Quick Reference Guide,2.0.1,December 2022
SCP-FM-006,File Management,Prevent or restrict the uploading of any file that may be interpreted by the web server.,12,OWASP Secure Coding Practices - Quick Reference Guide,2.0.1,December 2022
SCP-FM-007,File Management,Turn off execution privileges on file upload directories,12,OWASP Secure Coding Practices - Quick Reference Guide,2.0.1,December 2022
SCP-FM-008,File Management,Implement safe uploading in UNIX by mounting the targeted file directory as a logical drive using the associated path or the chrooted environment,12,OWASP Secure Coding Practices - Quick Reference Guide,2.0.1,December 2022
SCP-FM-009,File Management,"When referencing existing files, use a white list of allowed file names and types. Validate the value of the parameter being passed and if it does not match one of the expected values, either reject it or use a hard coded default file value for the content instead",12,OWASP Secure Coding Practices - Quick Reference Guide,2.0.1,December 2022
SCP-FM-010,File Management,"Do not pass user supplied data into a dynamic redirect. If this must be allowed, then the redirect should accept only validated, relative path URLs",12,OWASP Secure Coding Practices - Quick Reference Guide,2.0.1,December 2022
SCP-FM-011,File Management,"Do not pass directory or file paths, use index values mapped to pre-defined list of paths",12,OWASP Secure Coding Practices - Quick Reference Guide,2.0.1,December 2022
SCP-FM-012,File Management,Never send the absolute file path to the client,12,OWASP Secure Coding Practices - Quick Reference Guide,2.0.1,December 2022
SCP-FM-013,File Management,Ensure application files and resources are read-only,12,OWASP Secure Coding Practices - Quick Reference Guide,2.0.1,December 2022
SCP-FM-014,File Management,Scan user uploaded files for viruses and malware,12,OWASP Secure Coding Practices - Quick Reference Guide,2.0.1,December 2022
SCP-MM-001,Memory Management,Utilize input and output control for un-trusted data,12,OWASP Secure Coding Practices - Quick Reference Guide,2.0.1,December 2022
SCP-MM-002,Memory Management,Double check that the buffer is as large as specified,12,OWASP Secure Coding Practices - Quick Reference Guide,2.0.1,December 2022
SCP-MM-003,Memory Management,"When using functions that accept a number of bytes to copy, such as strncpy(), be aware that if the destination buffer size is equal to the source buffer size, it may not NULL-terminate the string",12,OWASP Secure Coding Practices - Quick Reference Guide,2.0.1,December 2022
SCP-MM-004,Memory Management,Check buffer boundaries if calling the function in a loop and make sure there is no danger of writing past the allocated space,12,OWASP Secure Coding Practices - Quick Reference Guide,2.0.1,December 2022
SCP-MM-005,Memory Management,Truncate all input strings to a reasonable length before passing them to the copy and concatenation functions,12,OWASP Secure Coding Practices - Quick Reference Guide,2.0.1,December 2022
SCP-MM-006,Memory Management,"Specifically close resources, don’t rely on garbage collection. (e.g., connection objects, file handles, etc.)",13,OWASP Secure Coding Practices - Quick Reference Guide,2.0.1,December 2022
SCP-MM-007,Memory Management,Use non-executable stacks when available,13,OWASP Secure Coding Practices - Quick Reference Guide,2.0.1,December 2022
SCP-MM-008,Memory Management,"Avoid the use of known vulnerable functions (e.g., printf, strcat, strcpy etc.)",13,OWASP Secure Coding Practices - Quick Reference Guide,2.0.1,December 2022
SCP-MM-009,Memory Management,Properly free allocated memory upon the completion of functions and at all exit points,13,OWASP Secure Coding Practices - Quick Reference Guide,2.0.1,December 2022
SCP-GC-001,General Coding Practices,Use tested and approved managed code rather than creating new unmanaged code for common tasks,13,OWASP Secure Coding Practices - Quick Reference Guide,2.0.1,December 2022
SCP-GC-002,General Coding Practices,"Utilize task specific built-in APIs to conduct operating system tasks. Do not allow the application to issue commands directly to the Operating System, especially through the use of application initiated command shells",13,OWASP Secure Coding Practices - Quick Reference Guide,2.0.1,December 2022
SCP-GC-003,General Coding Practices,"Use checksums or hashes to verify the integrity of interpreted code, libraries, executables, and configuration files",13,OWASP Secure Coding Practices - Quick Reference Guide,2.0.1,December 2022
SCP-GC-004,General Coding Practices,Utilize locking to prevent multiple simultaneous requests or use a synchronization mechanism to prevent race conditions,13,OWASP Secure Coding Practices - Quick Reference Guide,2.0.1,December 2022
SCP-GC-005,General Coding Practices,Protect shared variables and resources from inappropriate concurrent access,13,OWASP Secure Coding Practices - Quick Reference Guide,2.0.1,December 2022
SCP-GC-006,General Coding Practices,"Explicitly initialize all your variables and other data stores, either during declaration or just before the first usage",13,OWASP Secure Coding Practices - Quick Reference Guide,2.0.1,December 2022
SCP-GC-007,General Coding Practices,"In cases where the application must run with elevated privileges, raise privileges as late as possible, and drop them as soon as possible",13,OWASP Secure Coding Practices - Quick Reference Guide,2.0.1,December 2022
SCP-GC-008,General Coding Practices,"Avoid calculation errors by understanding your programming language's underlying representation and how it interacts with numeric calculation. Pay close attention to byte size discrepancies, precision, signed/unsigned distinctions, truncation, conversion and casting between types, ""not-a- number"" calculations, and how your language handles numbers that are too large or too small for its underlying representation",13,OWASP Secure Coding Practices - Quick Reference Guide,2.0.1,December 2022
SCP-GC-009,General Coding Practices,Do not pass user supplied data to any dynamic execution function,13,OWASP Secure Coding Practices - Quick Reference Guide,2.0.1,December 2022
SCP-GC-010,General Coding Practices,Restrict users from generating new code or altering existing code,13,OWASP Secure Coding Practices - Quick Reference Guide,2.0.1,December 2022
SCP-GC-011,General Coding Practices,"Review all secondary applications, third party code and libraries to determine business necessity and validate safe functionality, as these can introduce new vulnerabilities",13,OWASP Secure Coding Practices - Quick Reference Guide,2.0.1,December 2022
SCP-GC-012,General Coding Practices,"Implement safe updating. If the application will utilize automatic updates, then use cryptographic signatures for your code and ensure your download clients verify those signatures. Use encrypted channels to transfer the code from the host server",13,OWASP Secure Coding Practices - Quick Reference Guide,2.0.1,December 2022
